{
  "hash": "2b714019",
  "configHash": "71025a42",
  "lockfileHash": "8b38e258",
  "browserHash": "a839897e",
  "optimized": {
    "@angular/common": {
      "src": "../../../../../../node_modules/@angular/common/fesm2022/common.mjs",
      "file": "@angular_common.js",
      "fileHash": "bb3bc1ea",
      "needsInterop": false
    },
    "@angular/common/http": {
      "src": "../../../../../../node_modules/@angular/common/fesm2022/http.mjs",
      "file": "@angular_common_http.js",
      "fileHash": "1fb9a2ac",
      "needsInterop": false
    },
    "@angular/core": {
      "src": "../../../../../../node_modules/@angular/core/fesm2022/core.mjs",
      "file": "@angular_core.js",
      "fileHash": "500fc41d",
      "needsInterop": false
    },
    "@angular/forms": {
      "src": "../../../../../../node_modules/@angular/forms/fesm2022/forms.mjs",
      "file": "@angular_forms.js",
      "fileHash": "77e00387",
      "needsInterop": false
    },
    "@angular/platform-browser": {
      "src": "../../../../../../node_modules/@angular/platform-browser/fesm2022/platform-browser.mjs",
      "file": "@angular_platform-browser.js",
      "fileHash": "7e824665",
      "needsInterop": false
    },
    "@angular/platform-server": {
      "src": "../../../../../../node_modules/@angular/platform-server/fesm2022/platform-server.mjs",
      "file": "@angular_platform-server.js",
      "fileHash": "a16cc276",
      "needsInterop": false
    },
    "@angular/router": {
      "src": "../../../../../../node_modules/@angular/router/fesm2022/router.mjs",
      "file": "@angular_router.js",
      "fileHash": "aaa2fb85",
      "needsInterop": false
    },
    "@angular/ssr": {
      "src": "../../../../../../node_modules/@angular/ssr/fesm2022/ssr.mjs",
      "file": "@angular_ssr.js",
      "fileHash": "2827f8e5",
      "needsInterop": false
    },
    "@angular/ssr/node": {
      "src": "../../../../../../node_modules/@angular/ssr/fesm2022/node.mjs",
      "file": "@angular_ssr_node.js",
      "fileHash": "79de1d4b",
      "needsInterop": false
    },
    "express": {
      "src": "../../../../../../node_modules/express/index.js",
      "file": "express.js",
      "fileHash": "a0485fa5",
      "needsInterop": true
    }
  },
  "chunks": {
    "xhr2-TXIMV6CV": {
      "file": "xhr2-TXIMV6CV.js"
    },
    "chunk-UVOTCSDA": {
      "file": "chunk-UVOTCSDA.js"
    },
    "chunk-WVU5MJXW": {
      "file": "chunk-WVU5MJXW.js"
    },
    "chunk-DMA5PODP": {
      "file": "chunk-DMA5PODP.js"
    },
    "chunk-PWDCG4SH": {
      "file": "chunk-PWDCG4SH.js"
    },
    "chunk-XKU4W7O3": {
      "file": "chunk-XKU4W7O3.js"
    },
    "chunk-D6OAEE7N": {
      "file": "chunk-D6OAEE7N.js"
    },
    "chunk-UMQWUUBM": {
      "file": "chunk-UMQWUUBM.js"
    },
    "chunk-PXXRCHXC": {
      "file": "chunk-PXXRCHXC.js"
    },
    "chunk-YHCV7DAQ": {
      "file": "chunk-YHCV7DAQ.js"
    }
  }
}